{
  "env_name": "maze2d-large-v1",
  "seed": 0,
  "num_episodes": 100,
  "return_mean": 196.34854125976562,
  "return_std": 45.15802764892578,
  "return_stderr": 4.5158027648925785,
  "return_var": 2039.24755859375,
  "episode_returns": [
    193.90924072265625,
    172.9582061767578,
    218.6015167236328,
    225.70989990234375,
    195.0316162109375,
    168.84283447265625,
    262.37420654296875,
    143.77642822265625,
    193.90924072265625,
    224.21339416503906,
    100.37786865234375,
    212.2413787841797,
    232.8182830810547,
    223.0910186767578,
    154.25193786621094,
    188.67147827148438,
    270.2308349609375,
    192.41273498535156,
    107.8603744506836,
    245.9126739501953,
    136.29391479492188,
    219.72389221191406,
    179.69247436523438,
    207.7518768310547,
    197.2763671875,
    245.1644287109375,
    191.2903594970703,
    181.18896484375,
    217.47914123535156,
    180.4407196044922,
    158.3673095703125,
    123.19952392578125,
    212.98963928222656,
    196.5281219482422,
    196.15399169921875,
    155.74844360351562,
    242.54554748535156,
    285.944091796875,
    229.0770263671875,
    188.29734802246094,
    215.23439025878906,
    156.12255859375,
    285.19586181640625,
    180.4407196044922,
    285.944091796875,
    286.3182373046875,
    296.7937316894531,
    188.67147827148438,
    226.832275390625,
    202.13999938964844,
    185.30435180664062,
    205.13299560546875,
    150.1365509033203,
    213.36376953125,
    145.6470489501953,
    212.98963928222656,
    269.8567199707031,
    211.49313354492188,
    222.71690368652344,
    190.91622924804688,
    163.9792022705078,
    257.88470458984375,
    105.98974609375,
    186.42672729492188,
    157.6190643310547,
    206.25537109375,
    138.53866577148438,
    183.05960083007812,
    178.9442138671875,
    163.9792022705078,
    184.9302215576172,
    215.6085205078125,
    234.31478881835938,
    176.32533264160156,
    195.7798614501953,
    231.32179260253906,
    102.24849700927734,
    181.56309509277344,
    179.69247436523438,
    236.9336700439453,
    221.22039794921875,
    296.7937316894531,
    118.33589172363281,
    274.7203369140625,
    204.75888061523438,
    91.77297973632812,
    166.59808349609375,
    177.44772338867188,
    206.25537109375,
    162.1085662841797,
    103.7449951171875,
    163.9792022705078,
    210.37075805664062,
    226.0840301513672,
    186.8008575439453,
    224.21339416503906,
    143.02816772460938,
    155.00018310546875,
    217.10501098632812,
    199.5211181640625
  ]
}